amount,orderId
1.00,1
2.00,2
3.00,3
4.00,4
5.00,5
6.00,6
7.00,7
8.00,8
9.00,9
10.00,10
11.00,11
12.00,12
13.00,13
14.00,14
15.00,15
16.00,16
17.00,17
18.00,18
19.00,19
20.00,20
21.00,21
22.00,22
23.00,23
24.00,24
25.00,25
26.00,26
27.00,27
28.00,28
29.00,29
30.00,30
31.00,31
32.00,32
33.00,33
34.00,34
35.00,35
36.00,36
37.00,37
38.00,38
39.00,39
40.00,40
41.00,41
42.00,42
43.00,43
44.00,44
45.00,45
46.00,46
47.00,47
48.00,48
49.00,49
50.00,50
51.00,51
52.00,52
53.00,53
54.00,54
55.00,55
56.00,56
57.00,57
58.00,58
59.00,59
60.00,60
61.00,61
62.00,62
63.00,63
64.00,64
65.00,65
66.00,66
67.00,67
68.00,68
69.00,69
70.00,70
71.00,71
72.00,72
73.00,73
74.00,74
75.00,75
76.00,76
77.00,77
78.00,78
79.00,79
80.00,80
81.00,81
82.00,82
83.00,83
84.00,84
85.00,85
86.00,86
87.00,87
88.00,88
89.00,89
90.00,90
91.00,91
92.00,92
93.00,93
94.00,94
95.00,95
96.00,96
97.00,97
98.00,98
99.00,99
100.00,100
1.00,1
2.00,2
3.00,3
4.00,4
5.00,5
6.00,6
7.00,7
8.00,8
9.00,9
10.00,10
11.00,11
12.00,12
13.00,13
14.00,14
15.00,15
16.00,16
17.00,17
18.00,18
19.00,19
20.00,20
21.00,21
22.00,22
23.00,23
24.00,24
25.00,25
26.00,26
27.00,27
28.00,28
29.00,29
30.00,30
31.00,31
32.00,32
33.00,33
34.00,34
35.00,35
36.00,36
37.00,37
38.00,38
39.00,39
40.00,40
41.00,41
42.00,42
43.00,43
44.00,44
45.00,45
46.00,46
47.00,47
48.00,48
49.00,49
50.00,50
51.00,51
52.00,52
53.00,53
54.00,54
55.00,55
56.00,56
57.00,57
58.00,58
59.00,59
60.00,60
61.00,61
62.00,62
63.00,63
64.00,64
65.00,65
66.00,66
67.00,67
68.00,68
69.00,69
70.00,70
71.00,71
72.00,72
73.00,73
74.00,74
75.00,75
76.00,76
77.00,77
78.00,78
79.00,79
80.00,80
81.00,81
82.00,82
83.00,83
84.00,84
85.00,85
86.00,86
87.00,87
88.00,88
89.00,89
90.00,90
91.00,91
92.00,92
93.00,93
94.00,94
95.00,95
96.00,96
97.00,97
98.00,98
99.00,99
100.00,100
